alpha,avg_acc,std_acc
0.1,0.5650436,0.01137328
0.5,0.5587516,0.014654284
1.0,0.5617229,0.011039507
2.0,0.559176,0.008660424
5.0,0.56484395,0.012609023
