alpha,avg_acc,std_acc
0.1,0.9252435,0.00432646
0.5,0.9257428,0.0041318745
1.0,0.9251436,0.004340249
2.0,0.9255431,0.00637638
5.0,0.92224723,0.007270329
